{"mean":{"confidence_interval":{"confidence_level":0.95,"lower_bound":3073650.74875,"upper_bound":3188449.286578125},"point_estimate":3126907.335,"standard_error":29482.75848287997},"median":{"confidence_interval":{"confidence_level":0.95,"lower_bound":3013415.09375,"upper_bound":3103382.4375},"point_estimate":3042648.34375,"standard_error":21720.398376272115},"median_abs_dev":{"confidence_interval":{"confidence_level":0.95,"lower_bound":115423.3731508255,"upper_bound":211768.14019661397},"point_estimate":157522.12372217327,"standard_error":25188.293151815953},"slope":null,"std_dev":{"confidence_interval":{"confidence_level":0.95,"lower_bound":175430.24829667716,"upper_bound":399246.89876662876},"point_estimate":295722.1397925467,"standard_error":57397.36909904445}}