{"mean":{"confidence_interval":{"confidence_level":0.95,"lower_bound":2309.500663177897,"upper_bound":2327.238114054341},"point_estimate":2317.8512461460396,"standard_error":4.495234498553595},"median":{"confidence_interval":{"confidence_level":0.95,"lower_bound":2299.4330443492677,"upper_bound":2310.616371128871},"point_estimate":2304.1334965034966,"standard_error":2.9264385610547654},"median_abs_dev":{"confidence_interval":{"confidence_level":0.95,"lower_bound":19.3361807791474,"upper_bound":41.223304899295904},"point_estimate":31.164819793603666,"standard_error":5.5706457047811275},"slope":{"confidence_interval":{"confidence_level":0.95,"lower_bound":2333.8635472938863,"upper_bound":2355.3106816533073},"point_estimate":2344.6145543978705,"standard_error":5.447275644819568},"std_dev":{"confidence_interval":{"confidence_level":0.95,"lower_bound":32.43058140591283,"upper_bound":60.29711946710968},"point_estimate":45.301077103482235,"standard_error":7.830052810573255}}