{"mean":{"confidence_interval":{"confidence_level":0.95,"lower_bound":166.29758049728056,"upper_bound":166.89177590893365},"point_estimate":166.5783517495374,"standard_error":0.15173372983141478},"median":{"confidence_interval":{"confidence_level":0.95,"lower_bound":165.94503175664383,"upper_bound":166.2382570287947},"point_estimate":166.0724251817074,"standard_error":0.08305110345970154},"median_abs_dev":{"confidence_interval":{"confidence_level":0.95,"lower_bound":0.41797336537241253,"upper_bound":1.0561931437154428},"point_estimate":0.6165965498260262,"standard_error":0.16414997026852096},"slope":{"confidence_interval":{"confidence_level":0.95,"lower_bound":165.9878753978984,"upper_bound":166.5103881229655},"point_estimate":166.23778500391768,"standard_error":0.133425234397017},"std_dev":{"confidence_interval":{"confidence_level":0.95,"lower_bound":1.055325030170141,"upper_bound":1.9269260593650086},"point_estimate":1.5259462679786084,"standard_error":0.2228517214805738}}