{"mean":{"confidence_interval":{"confidence_level":0.95,"lower_bound":1041.535885547147,"upper_bound":1046.2451876824443},"point_estimate":1043.7001147624546,"standard_error":1.2064892368846387},"median":{"confidence_interval":{"confidence_level":0.95,"lower_bound":1039.4964875307342,"upper_bound":1043.8389337704407},"point_estimate":1041.7773920486034,"standard_error":0.9352030433639184},"median_abs_dev":{"confidence_interval":{"confidence_level":0.95,"lower_bound":5.1798842022647085,"upper_bound":7.674562928246518},"point_estimate":6.5907138945016195,"standard_error":0.6225086789375501},"slope":{"confidence_interval":{"confidence_level":0.95,"lower_bound":1039.3368449654656,"upper_bound":1043.1090764572639},"point_estimate":1041.060004964276,"standard_error":0.9614664109532115},"std_dev":{"confidence_interval":{"confidence_level":0.95,"lower_bound":7.22327448206092,"upper_bound":16.49875815328453},"point_estimate":12.103554750657963,"standard_error":2.3926153089476023}}