{"mean":{"confidence_interval":{"confidence_level":0.95,"lower_bound":92.9671969181247,"upper_bound":93.72477665053984},"point_estimate":93.29981756299927,"standard_error":0.19537925884674642},"median":{"confidence_interval":{"confidence_level":0.95,"lower_bound":92.64582689445768,"upper_bound":93.10596487900384},"point_estimate":92.81751212259587,"standard_error":0.11919623740512862},"median_abs_dev":{"confidence_interval":{"confidence_level":0.95,"lower_bound":0.5870658714314771,"upper_bound":1.071302612498377},"point_estimate":0.7935872033038501,"standard_error":0.12134030884716118},"slope":{"confidence_interval":{"confidence_level":0.95,"lower_bound":92.65480867464119,"upper_bound":93.62536577715521},"point_estimate":93.06587050883823,"standard_error":0.2513250226791106},"std_dev":{"confidence_interval":{"confidence_level":0.95,"lower_bound":0.9655041375233759,"upper_bound":2.9388872883951422},"point_estimate":1.9581701271268,"standard_error":0.5651180627197824}}