{"mean":{"confidence_interval":{"confidence_level":0.95,"lower_bound":2977944.3976176474,"upper_bound":2983236.5022058836},"point_estimate":2980519.48,"standard_error":1348.411122594736},"median":{"confidence_interval":{"confidence_level":0.95,"lower_bound":2974626.029411765,"upper_bound":2981948.2352941176},"point_estimate":2978356.323529412,"standard_error":1881.5468320743084},"median_abs_dev":{"confidence_interval":{"confidence_level":0.95,"lower_bound":9831.164031344118,"upper_bound":15781.360996295465},"point_estimate":12802.250772713924,"standard_error":1516.8706735776088},"slope":null,"std_dev":{"confidence_interval":{"confidence_level":0.95,"lower_bound":11310.191337512422,"upper_bound":15573.1071557952},"point_estimate":13549.851703263632,"standard_error":1092.1761251107664}}