{"mean":{"confidence_interval":{"confidence_level":0.95,"lower_bound":670844.816314482,"upper_bound":672724.963830907},"point_estimate":671668.2592070752,"standard_error":483.23216684926876},"median":{"confidence_interval":{"confidence_level":0.95,"lower_bound":669957.380952381,"upper_bound":671219.8992753623},"point_estimate":670662.7103351554,"standard_error":363.7010110810351},"median_abs_dev":{"confidence_interval":{"confidence_level":0.95,"lower_bound":1767.8000238599986,"upper_bound":3077.6062167253012},"point_estimate":2383.8039133070324,"standard_error":336.6895225484513},"slope":{"confidence_interval":{"confidence_level":0.95,"lower_bound":670798.0839656179,"upper_bound":672157.5538260951},"point_estimate":671490.1033707699,"standard_error":346.61066304650006},"std_dev":{"confidence_interval":{"confidence_level":0.95,"lower_bound":2469.604426849958,"upper_bound":7280.208052283978},"point_estimate":4849.934519418633,"standard_error":1416.097268748031}}