{"mean":{"confidence_interval":{"confidence_level":0.95,"lower_bound":1259035.2887494268,"upper_bound":1266154.7629318184},"point_estimate":1262159.8513382506,"standard_error":1830.6515687368824},"median":{"confidence_interval":{"confidence_level":0.95,"lower_bound":1255870.0256410257,"upper_bound":1257535.2846320346},"point_estimate":1256730.9783549784,"standard_error":391.6959681973543},"median_abs_dev":{"confidence_interval":{"confidence_level":0.95,"lower_bound":2732.4856447043576,"upper_bound":4755.597377316778},"point_estimate":3566.835945117471,"standard_error":530.8609346821804},"slope":{"confidence_interval":{"confidence_level":0.95,"lower_bound":1255741.4913138878,"upper_bound":1257082.5563447713},"point_estimate":1256381.1345352447,"standard_error":342.56944135138605},"std_dev":{"confidence_interval":{"confidence_level":0.95,"lower_bound":9059.313285816424,"upper_bound":27456.74221424148},"point_estimate":18445.98617674739,"standard_error":5177.418318807302}}